name,url
忘我,http://changba.com/s/EXb4wphbN-GY464jDRV_KA
Real Friends,http://changba.com/s/FBZMCWgrLY3sO7sUEFbgSg
When I Was Your Man,http://changba.com/s/GZr_J5_BvVr4a-ftEiASmw
Nasa,http://changba.com/s/GZr_J5_BvVpGx_odmAqtBQ
Scars To Your,http://changba.com/s/oTPTKN_3qXjKpIfapWDAAA
起风了,http://changba.com/s/2dFvapj0g5tF2uJp2eys4g
Somethings Got A Hold On Me,http://changba.com/s/VPiZlFqyzhleSIqq_4P57A
身骑白马,http://changba.com/s/dQzmd-t1YW7PKXjFn-SBCA
天天想你,http://changba.com/s/t-tuJhWNXmt8WV7Ns2VkhQ
Hollywood,http://changba.com/s/hXu-VhF9Yafg-GJB7Gc4wA
Cry Me A River,http://changba.com/s/pxplS3UrrduYV504pI7MBA
Stay,http://changba.com/s/0b5i8FV7N2muoVS8-hQOpQ
One Kiss,http://changba.com/s/QYc4lr-j-fLwtqUCQUcJvQ
Final Song,http://changba.com/s/JgsWPtOoBuzM5jvZVDUs3w
Beautiful,http://changba.com/s/6TuwwB1OxBzzOSgwr37GYg
Shut Up And Drive,http://changba.com/s/SORB-i4xCDIZ9qCeMXBboA
Gimme More,http://changba.com/s/n5udPI5wCE_IXQ1JHj74wQ
Dance Monkey,http://changba.com/s/zoHQyBzmfS2eng8RmXil3Q
All I Want For Christmas Is You,http://changba.com/s/M7fVdWs6eDlpNdW5k6wGmg
摩天动物园,http://changba.com/s/C4UsB_e9uUzxPL-dbtlsTw
摩天动物园,http://changba.com/s/KEFkjBIvgongafr9yB92ew
红玫瑰,http://changba.com/s/5LpJ1UVcR59Zll5q_ZIfKw
魅惑,http://changba.com/s/I3NBM-41I_LUEuHcyc-tMA
Living Proof,http://changba.com/s/jEP1ThPShpIKlgpI9l5ixw
Cry For Me,http://changba.com/s/3hgPMS5dqWNw0H1Cz4WIww
红眼睛,http://changba.com/s/p4sQVSiFiqQiBQTMwtSXEA
Desperado,http://changba.com/s/cMzyMKOZs0fdhIvOyYdw3Q
舞娘,http://changba.com/s/Y5ZRV2-LIzgnGm-hql531A
特务j,http://changba.com/s/jbSyHMbvzUmBfnnTMPVAmA
Forever Friends,http://changba.com/s/jbSyHMbvzUmHYVQpZ8YPRw
A Little Love,http://changba.com/s/jbSyHMbvzUmIjOLT_xgnzg
我比从前更寂寞,http://changba.com/s/llffAHHKKxrOOqLlwaUAbw
Never Ending,http://changba.com/s/T6Q7iNEkEAzOeRZ2WJKonA
线的记忆,http://changba.com/s/A6b3m-0Z5VjGFepaVzYuMg
Trampoline,http://changba.com/s/GyXRPh9u3adDEbomoMYUqA
微光,http://changba.com/s/YRhb9avtRgOvLrjgaEW75Q
一个人想你,http://changba.com/s/S8NwrxNOY-p9OXvNqySnfw
风从海面吹过来,http://changba.com/s/vA8pvwoGtxLRXRmG61QCtw
同步,http://changba.com/s/E0-KaUz0ngk62oGTDB9LZg
路痴,http://changba.com/s/VW13fj8DFZ55gP-54rn89g
Diamonds,http://changba.com/s/mqwbZE1CKWffXxutMkHUvQ
鱼仔,http://changba.com/s/NI8vAl-hbislT9bGd7wElw
Facetime.moli,http://changba.com/s/cM1lRpnm0vJQeSwU9ThXtg
陪你玩到底.moli,http://changba.com/s/f51cRC6E6AcpvGhtfAZyDw
你敢我就敢,http://changba.com/s/JzYyc6PfNmDRxkXx7jVYVw
20.moli,http://changba.com/s/buu0add_n9AbrGRbqqKtRA
曾经守候,http://changba.com/s/-lSXTIbXzvtOPsxXzZydUg
不亏不欠,http://changba.com/s/6z6uQcLsAspRBGGtWtB_Qw
Often,http://changba.com/s/R2UjfRsYqrzPp_faKk5fMw
Say You Won't Let Go,http://changba.com/s/4qMTfky9XeEzW_7qLbh4gw
Paper Hearts,http://changba.com/s/GilT90gu35bqN8vuHJlNRg
Circles,http://changba.com/s/bRIsZM-gQPBIc5oVUONQaw
莱特兄弟有罪,http://changba.com/s/bUHdSm1EUI2sGi2__4TZGQ
Love Galore,http://changba.com/s/QfdtipVV90v2TLz5liZ2AQ
Forever Young,http://changba.com/s/TFpEkC92ukrbHc_NnACk6w
给朱利安,http://changba.com/s/3jmE2tBuYMvt2O4iedOKxw
给朱利安,http://changba.com/s/2XnP-aKeyuP0tkgLf8YTeg
Spirit,http://changba.com/s/yQJgVL_h9D54GDnf1H4OXQ
Slide Away,http://changba.com/s/x6r2jTjbpcPxUaEeJmDn-A
Someone You Loved,http://changba.com/s/ox20HN2KFHiBk_ehJNkB8A
就是现在,http://changba.com/s/wJZ4YHc3PvnzcMBSe3b4yw
就是现在,http://changba.com/s/OnlzYGzsZ4dMXcw56kF3Og
甜秘密,http://changba.com/s/7e5HwmJhHIaGlo45ZoYp7w
风起云涌,http://changba.com/s/3Sk_e9fJXMxs9EDDKe6z8Q
别再问我什么是迪斯科,http://changba.com/s/NgsLNRfNaqUY8pB2yBDzTA
Idontwannabeyouanymore,http://changba.com/s/qb6ucODZKr3PiWpxfLyJWw
Somebody,http://changba.com/s/-TM5VMKwxX455GCAj5matg
On A Roll,http://changba.com/s/AzcIzMqaCWb4ydeA9XqjjQ
玫瑰少年,http://changba.com/s/QhSp35u5UOjQSwftdt9eww
Goodnight N Go,http://changba.com/s/dPq_iABQoHG1GEJ9uHnx9Q
Señorita,http://changba.com/s/9f-HVeqzKKkwMWJBxtxhVA
Señorita,http://changba.com/s/OIatLB_PMncKRue16BOkeA
Thunderclouds,http://changba.com/s/isIJl7M4QCD5HkEYg19PtA
沉船,http://changba.com/s/vpweWbITKkLH048eCFBOrQ
让她降落,http://changba.com/s/Oyyb15V6XbBaEZuN71D4mw
雪落下的声音,http://changba.com/s/HBwvO7iY8oexlESSoZgrsw
Don't Leave Me Lonely,http://changba.com/s/FkwnonfpBh7bdyfBBlI4ZA
一个人没有同类,http://changba.com/s/LcHq8DvO-KUGrLPEnyYccQ
爱,http://changba.com/s/fByH7Ym-z5losTSHFkxM0Q
My Songs Know What You Did In The Dark,http://changba.com/s/YmH4Mpjcf3BBCyK-aClkzw
逆光,http://changba.com/s/bxypujsWDdXLK09plxStNg
光荣,http://changba.com/s/Ib4E_52J-rntcAbA2ZBkoA
梦里花,http://changba.com/s/QH8XHfh6Zg8mYgfpdjf_qA
Streetcar,http://changba.com/s/mBUePSuovrXACMiKdhV3vA
Do You Remember,http://changba.com/s/dMFshWmxTw3-GshIXEkRFA
凤凰于飞,http://changba.com/s/a3JXhQu7JicX_te9A0K5OQ
Breathless,http://changba.com/s/STvBeHFJGDPO6IstKeo5kg
Glamorous,http://changba.com/s/nnn53fQF08oZr7wVlwFhaA
很久以前,http://changba.com/s/zROtieG5Z3_zrV183j9T9Q
Extraordinary Being,http://changba.com/s/ySyCQ89bDbC0XqJGGynSiA
Disturbia,http://changba.com/s/xp7qfi2NcZJdXt0iGc2X6Q
Best Part,http://changba.com/s/5GkFBd24LfKYZeqCqT84yA
彩虹,http://changba.com/s/tFniWu4i_G-SAU94MkTPug
无言,http://changba.com/s/QNU-JUStGc8vYEVz-hly2w
白月光,http://changba.com/s/tb38IScDkb3I4_TaH3QGTw
那个男人,http://changba.com/s/1D3AqZ31we4b3Vmko22NqA
我愿意,http://changba.com/s/ySiYWOnD9iAfmXbkwDGGlA
Peace,http://changba.com/s/KOvHslwe-6QRIOsoPy5jNQ
Stay,http://changba.com/s/8sCVGjyWYT6uePL8xAHwaw
Wish You Were Gay,http://changba.com/s/puwzB5-ZAUVXTEFTnrhh7A
I Love You,http://changba.com/s/nWnedSRz1B6_g04ES5Tdxw
Dusk Till Dawn,http://changba.com/s/7M48_Np9UPCfu5cFN6aQNg
Said Too Much,http://changba.com/s/sQSIBIU3bIcvKmQZbmUFMg
好肉,http://changba.com/s/44xdJoKHVSzjT4mQiA26Kg
Try,http://changba.com/s/Uuxb34FfU5-KsF2CbFI3zQ
Move Your Body,http://changba.com/s/34IZFT8M1xu7HNZQSIO7nQ
Glitter In The Air,http://changba.com/s/BuTYmVVpig3s7ErrOwsJVA
山丘,http://changba.com/s/BdO9ovJBF_LcBQ2PlgIofA
水星记,http://changba.com/s/WQ2pg76g7rXlUs9uULVmzQ
Can You Feel My World,http://changba.com/s/5h1ilFKTo2JrQU2dTRh7rQ
Dont Hurt Yourself,http://changba.com/s/9WHxFNKy3Fsx3H0W0D6UBw
馋,http://changba.com/s/gGI7H4cE71mZx6Y0FeX49A
没有意外,http://changba.com/s/8ulDOLBdy7ziKXtpb_2F9Q
My Happy Ending,http://changba.com/s/yX6uHKjypYZE2WwlPa9q1A
If I Were A Boy,http://changba.com/s/j-NSeQAPUz4gKqfT7yfQ8Q
勇敢,http://changba.com/s/j-NSeQAPUz4x1gvKKUe2lw
Die For You,http://changba.com/s/B3c5A8xrGNKtXfMZU1BeSQ
对爱渴望,http://changba.com/s/A02l_uJzGuQEF4uNaKQgwg
Rewrite The Stars,http://changba.com/s/uMTzLveIBhtdKVaE6reeEg
Bad Guy,http://changba.com/s/JpyIpRr7KqheeRiGq1Dm-g
Ocean Eyes,http://changba.com/s/lFeCEbCAUXhxxhZtZDtp1w
When The Party's Over,http://changba.com/s/UXmGWkgRY1ap4qogdnbxZQ
Frozen,http://changba.com/s/Yn0o379c5kZWPlTYhh4hzQ
慢慢喜欢你,http://changba.com/s/Bz1F90SR0L__tcU-Ln3TRA
Raging Fire,http://changba.com/s/2bMAXjLammOQTtqdN2sQcw
Im In Love With A Monster,http://changba.com/s/030CvqJNjnJifiEs_ZbPrA
默,http://changba.com/s/oqaMFKHD24UTJ4_2WMJAFw
Let There Be Love,http://changba.com/s/JTBixls9-tLuFw4S4g6afQ
Try Me,http://changba.com/s/gtyedYIsoX33oO6KvC1BSQ
False Alarm,http://changba.com/s/tG3Jqlwe-sRWJVgiCViY1w
Love To Lay,http://changba.com/s/drSZASmM_I9v63adkoT1nw
Umbrella Piano,http://changba.com/s/JNnHazcPvhPXm-8V4y1V0A
Close To You,http://changba.com/s/kRfa4kuYsYGdc17Sqg8eSg
永不失联的爱,http://changba.com/s/uviIKxT5AbQWxHCHjaOXVQ
第三人称,http://changba.com/s/awfYkIbt4iccemzfbjqjvQ
点燃一根烟,http://changba.com/s/EZEN-umLud1tgIH7NXtXfg
仰望,http://changba.com/s/Yb77k-16zuwkZm0Eelxt5g
Just A Fool,http://changba.com/s/yAmkGpNOjVxhLLL3u3PnPA
私奔,http://changba.com/s/13b90ptciXgA8LfRxIx0pA
空白格,http://changba.com/s/13b90ptciXgKrLxkI1lktQ
Shallow,http://changba.com/s/5mZ1oTEt72vg0MSilZKvTg
宽恕,http://changba.com/s/i0OEK_hUlspmKCq1ban81A
致姗姗来迟的你,http://changba.com/s/WfWQ05mrHDvKS9yoxA7yZQ
Never Enough,http://changba.com/s/fPfQKdsILML176-VSyMXFA
月牙湾,http://changba.com/s/l7nmmQkxvvjxZBq07On2RA
也许明天,http://changba.com/s/MpvLlfFUtXRcKKx11IBQgw
三月,http://changba.com/s/Mt3QxuJKzsBJE_QU-BuMWg
Booty Call,http://changba.com/s/ndfmigEPzAEn3R2QLHxXpw
你是我的小时候,http://changba.com/s/aGo7_LafXjabSHr7XTJHjA
Reflection,http://changba.com/s/5Y0zqU3gELxyxkD1epU4QQ
Start Over,http://changba.com/s/JsSq3pT41CbwEclq2xbotw
Breath Of Life,http://changba.com/s/aYa5-2P_soMU4bZPR6Uk-g
也许,http://changba.com/s/-vk9GHcsiZitHK64YVCwpw
太阳系,http://changba.com/s/0J2joCJxWH6p5xCCgbJUvw
晨光,http://changba.com/s/xcMTbWZyCGj49B_2guqpvg
叶子,http://changba.com/s/xFbny8g9DYM01SagJiO8Xg
外面的世界,http://changba.com/s/JoAj5VpOlTlbcopMxjdrUQ
Xo,http://changba.com/s/j-UKuHRhm0LNDhU0aaMdrQ
山楂树,http://changba.com/s/oHuAaEp7cv9ewLxb4ljbXw
Ur So Gay,http://changba.com/s/FCLntKCzhH9wXn_gf5Oy3Q
Genius,http://changba.com/s/ttwa-ekh_AZRAx1KBjmfQg
Count On Me,http://changba.com/s/iN1Nz4Z9u01Nud2GSqNgJw
解脱,http://changba.com/s/Q1D0fkkcCKdXsg2uoFpw_A
剪爱,http://changba.com/s/cC-TvhbCMI-S71LKHS9YLA
Imagine,http://changba.com/s/Ghx2joTP-e2-RmOxvSI7VA
Thinking Bout You,http://changba.com/s/h4h_bwsy0f-efBb7-hbvRA
Ghostin,http://changba.com/s/q9wB4fpqNSXBUPUeJ_vpHw
Break Up With Your Girlfriend,http://changba.com/s/umkTPDdCRzQWuZw2xuM2kA
Needy,http://changba.com/s/6UPHXGx3xWQwkgxd-j2kvg
Bad Idea,http://changba.com/s/z4W_oP4wrrFVWnesGIcw-w
How Deep Is Your Love,http://changba.com/s/XdgaOBpG7U7DFsZVFIuZHg
Apeshit,http://changba.com/s/5nt7hyugjRONcdyoJPNO3A
Goodnight N Go,http://changba.com/s/H7gNixVU3xxPsE7ZRmn1pQ
Forever Young,http://changba.com/s/z2CP8gPqwMhn5ciURIZBHg
让每个人都心碎,http://changba.com/s/10zQKEoakYYRWC-im0Xb6Q
Give Me Love,http://changba.com/s/gWHJ8ShKWI2F4BomC4HWrg
杀破狼,http://changba.com/s/ZaGU_ufIMlrko4Av9l4SGQ
时候,http://changba.com/s/pu-eMuePt6negW9YOZHvpQ
起风了,http://changba.com/s/RrjOdUxcxIcKtTNpq4v0_w
7 Rings,http://changba.com/s/N0V74ZWWRs5vNRlv5gn1sw
7 Rings,http://changba.com/s/ynYC00QSTsO00oGOtdbY8Q
Dancing With A Stranger,http://changba.com/s/aCiR8ll7dfUfUHS2OT6aGg
阴天快乐,http://changba.com/s/QePutKN0KFEAYngrhRsiIQ
飘向北方,http://changba.com/s/mbjiQ-vGP25VV4owZoTn2A
空港,http://changba.com/s/gjGHHXseKdDOAhvphGrs2g
Marry You,http://changba.com/s/fIeVuc08gxk7ChX8n8ctxg
Just The Way You Are,http://changba.com/s/xyBlF1XEQ6R9BOFR_RIwMQ
千万次的问,http://changba.com/s/YKIzFvcrL5wtyIpc505Nag
天地在我心,http://changba.com/s/sDyP_tUNpcp208IFpHdQvg
忽然之间,http://changba.com/s/bGEaUjojcCi5QcKcuEJyoQ
写一首歌,http://changba.com/s/XU6csLFD3i-GrQdCfJapQw
等待,http://changba.com/s/B_Hxi7jxq6nVoHAKIunU-Q
一呼...一吸,http://changba.com/s/zW7qlbmcBNpAA9J7WWV4yA
偷故事的人,http://changba.com/s/mV3CHvqN9FU3pQCjk-2Csw
魅力无限,http://changba.com/s/OLgD1BJvi8lfCoGGID-uDw
Time Decides,http://changba.com/s/x7CoVZu1nX_NeYKL4ZleCQ
Perfect,http://changba.com/s/w8S5WgYqp5r-FRNF1Y8b-w
Rehab,http://changba.com/s/uOlpo7aMsD8RGgbixPbXYg
Stupid In Love,http://changba.com/s/fB7B2AmhehgCh6tfZC5Vfg
袖手旁观,http://changba.com/s/3jev6BqCMm-D18SqUBBUww
Lost Boy,http://changba.com/s/9HN_-9Rxkc13Ga-d49Culg
Lost Boy,http://changba.com/s/MDlWZ1kk31B_3TzHqICQew
日子,http://changba.com/s/WJylygGj7Y98AwNg6dVzOA
Big Girls Cry,http://changba.com/s/c4Faehm1-PakUN0QNzYhYw
我好想你,http://changba.com/s/J043VoipcQbp-nvgjVEx3Q
Bird Set Free,http://changba.com/s/mehF-PndU1dviwp--X5VwQ
Alive,http://changba.com/s/hScKhQ7a7poSgP4gNx0ViA
高明的悲剧,http://changba.com/s/a9j0B5TJvSFOolyoBbnp-g
剑雨浮生,http://changba.com/s/4wkeZAaGH6NnPLMnUPOKkQ
December,http://changba.com/s/oxktPov_S-Bxc55OpHDhjw
天下无双,http://changba.com/s/d7L9QQiodifoZymSorqemg
煎熬,http://changba.com/s/uoYhM9761wkB6kZHgLZykw
左手指月,http://changba.com/s/5bSjn9fQqTrdoTfclq4RDA
左手指月,http://changba.com/s/BNX6LqMIz8Fcy-rVRPjBlQ
幸福快车,http://changba.com/s/DNMItZ-3tCGnIKMGUs7F1g
沙文,http://changba.com/s/xKrx8vdcdNzavuYV6p4IUQ
归零,http://changba.com/s/YnLSps3T7xOCfuvYqa7vaQ
幻觉动物,http://changba.com/s/18bHv_oLG1ZEr0ypFp6eIw
纤维,http://changba.com/s/FvoGop4pnnUwi1eFI3Wh8Q
Consequences,http://changba.com/s/6Ri_kiRIzUaTvZioShP5BA
Royals,http://changba.com/s/ScOBjjL_62wCsz8idj6Yww
不正确的审美 (cindy Solo),http://changba.com/s/VqLo2CExMGcJCpzzzq9nDg
我们的爱,http://changba.com/s/626QRwLa72OYH_YyIwn-pw
遗憾,http://changba.com/s/yaTNe-NnOjHVJPJEcSA_ww
遗书,http://changba.com/s/-qNNanIuer6ymREdfMhewA
蜜蜂,http://changba.com/s/kXH3XieU1E5n2iQCJV4Kfg
我们在蓝色海上飘,http://changba.com/s/LKOoToCdVW7F4SzXQEuGeg
我,http://changba.com/s/5jByglh1s0n3TQ4tyUwOMw
Stitches,http://changba.com/s/YDgNwwZFUiXomb2czc-u_g
Thank U Next,http://changba.com/s/F-Zc3bwRf6loRwB53VEZBA
你是我的眼,http://changba.com/s/WxFnqLDN_1LDunUz4PBWlw
我离开我自己,http://changba.com/s/x-TbmmJdux_BxvW0stsnhA
莫名其妙爱上你,http://changba.com/s/qXc56yh4q_5kYGUpXaYV5g
Work Bitch,http://changba.com/s/hrqNegw4CHA6pFVqfkJ8Dw
Freakshow(带和声）,http://changba.com/s/1r-jcIv2-9EPVXXnwJe7-A
Everytime,http://changba.com/s/8J21tokYjopa_SMLPR3K1w
微光,http://changba.com/s/eC9pKPopptTilulVg_s1eA
证据,http://changba.com/s/iWSCjGHLqTTIR4OxyoEHwg
Partition,http://changba.com/s/SrB4K8XlxgVXukjQnNZBvA
All Night,http://changba.com/s/5o-yIxNj83uqOTuRms8ZWg
仰望星空,http://changba.com/s/MDjk7pr1NW7RLwzq2KTENw
Heartless,http://changba.com/s/C45Jrah6Fm9ZBxV-La1QlA
小宇宙,http://changba.com/s/ksXZ1EEVxgMkOmP8GJvTZw
Call Out My Name,http://changba.com/s/VjMD8Ut-UMN0ioK902vaEw
之外,http://changba.com/s/yQIW9vtDa3xJnGVpmDUsAA
别闹,http://changba.com/s/Ou1kIy2LogVRCk0SjWaU6g
Angel Down,http://changba.com/s/MBUyqsvWmOhyxFXmwktXlg
双影,http://changba.com/s/OXwAgomWagB4r3cujVgTvw
光年之外,http://changba.com/s/9hPnC5D9Nj_42b7yxG7cNQ
Breathin,http://changba.com/s/XVnhVlwlOvf9wDzlxm6Pyw
半途而废,http://changba.com/s/sqKuHkKjFiuKlYJjDki1dw
God Is A Woman,http://changba.com/s/XHyO-5KoMzRDgQOye-gy0w
盛夏的果实,http://changba.com/s/ToDQdLoVTw4-n_6Yi67gSw
Prisoner,http://changba.com/s/Te7nPSPwJpNoDkKXUYxDzQ
I Feel It Coming,http://changba.com/s/XF2xeiyQ3o1phRoW3xLdsA
Home Sweet Home,http://changba.com/s/sOrckI-37sBeHtwBbR8zug
好久不见,http://changba.com/s/-WPr9a3hmsMjfSORvDwMSw
需要人陪,http://changba.com/s/gcpDij7RcsjVUx1wvZCLOA
晚风,http://changba.com/s/YQX8jsWDQnk7AujCQmU0sQ
9277,http://changba.com/s/US73W5Bh2432Mcshj7LfCg
可惜不是你,http://changba.com/s/Yd-6I4RAy_xY-bILEbUupQ
魔鬼中的天使,http://changba.com/s/B8v_DdsAnXqvn1Ta9TUu2A
天真有邪,http://changba.com/s/7MQn_uvcXjZw6YnDm20IwA
不睡,http://changba.com/s/gs8of_NRfz_FJJ4NlPUwqA
连名带姓,http://changba.com/s/xYPLyM92W79M3N7MRVcagw
开放,http://changba.com/s/r1LItHsTBHVtP5YXiD5iQg
身后,http://changba.com/s/WxoTVrMf3zTc9hByJgq3pQ
彩虹,http://changba.com/s/X75yn8IbwuY5HEkp-qg5JA
霞光,http://changba.com/s/ah6qKAh5KBwskTNrjC1ehA
7 11,http://changba.com/s/HcxyrsjhEM8X-BCbr4tSsg
Diamonds,http://changba.com/s/FeEo4JdOZgWBI4cWASOrMw
狮子座,http://changba.com/s/Ab4uSPXFlI8m5HqxKYSFnQ
快乐的旅行,http://changba.com/s/V8mWfRuICyAFocUcAgoXQw
白痴,http://changba.com/s/rZgAy36stk5W3ILnYxAwSw
你的眼神,http://changba.com/s/FLF-DDCV8eNZlvq_fFjCGQ
Helium,http://changba.com/s/gtCDktj0EOuJ_3Nn-BuZQA
愚人的国度,http://changba.com/s/xe82FShAw191FEDK-5bOlQ
相见不如怀念,http://changba.com/s/ZspSxmYkNKQRTuLrZoTlNA
我要你,http://changba.com/s/NKPSuaH0Xo_LT5jARh9hTA
千言万语,http://changba.com/s/fcuSzqDjMdMcwEeLeaAArQ
Kiss It Better,http://changba.com/s/d14_hrg11svyrBa8JGadDQ
Save Me From Myself,http://changba.com/s/XL9ZRGav7U9zLDVeBnmcKQ
Dance To This,http://changba.com/s/omHcou-Pem_N6SFjp4SWxw
Quit,http://changba.com/s/1eQcUxYQT8NHy34MNf4iig
十万嬉皮,http://changba.com/s/-yVUcCoV59fymgvK0z7t8g
词不达意,http://changba.com/s/BoNevZ2xUEIPpmppnwTd2w
We Found Love,http://changba.com/s/KuntS14jvqPebjo3Fq4TCw
孔雀与麻雀,http://changba.com/s/GKjr3WTEuZ_ORXM1oG3mtw
自然,http://changba.com/s/GKjr3WTEuZ8hmZ-Xb03RDQ
Safe And Sound,http://changba.com/s/-vN3KWQKaeCLgtUrNutB5g
No Tears Left To Cry,http://changba.com/s/JyKT-zOjmbjgNYNHFbR83A
消失的爱人,http://changba.com/s/GadBDGuBysVGeGqaSkxCqw
My Everything,http://changba.com/s/mxHgl6t9Op_p4ra-71GcHQ
Into You,http://changba.com/s/n3OVHIk_v8dPsJGbOLfIsg
催眠,http://changba.com/s/G209YiQx_JrchR7L-zA_0A
听见下雨的声音,http://changba.com/s/DKIXVwT62tnJVdTRVd2QiQ
Fall In Line,http://changba.com/s/BL9Gk5Hd-rh_WzLDTf4bog
存不存在,http://changba.com/s/sHn0ewBcRoO-G9wzWxhM9A
Consideration Feat. Sza,http://changba.com/s/mpkiMsrFhJTKZkj_4mJz0w
Twice,http://changba.com/s/5DBTk151tEoRPDJLBa9dBA
烟雨蒙蒙,http://changba.com/s/Nd4TbA3M_gepKujOzwMcDw
你曾是少年,http://changba.com/s/9m0UaHw2xT5IzAmINOSkvQ
谁,http://changba.com/s/gkWiEVXvKEBc53aZU_lI5w
快乐指南,http://changba.com/s/YGYzieBJpRBLHBNvVNemGA
美若黎明,http://changba.com/s/8PpGrSvO_b8Xs_BychwRyg
茄子,http://changba.com/s/gmwqKH4WS3S27Dp3VFqaNw
I Care,http://changba.com/s/ojv81BQYbJ6rjPsF5LuXCQ
突然想爱你,http://changba.com/s/OEt7Hu6wFXfxH7nUS5qxSg
樱花草,http://changba.com/s/4rI0_bg-Jd2b2ZoCy9wn8A
香奈儿,http://changba.com/s/l9BwkuEzzVQ86PlRVOTJwQ
矜持,http://changba.com/s/HmzbeEGuDgzWfMFG2ZrzaQ
藤缠树,http://changba.com/s/bU3cM0kEJUaOmVab8vdl4A
墨梅,http://changba.com/s/6MitnsvUZddBLT56gV2MTQ
Shine,http://changba.com/s/MnrxyhZ5b-AfShGolpdzjA
Rehab,http://changba.com/s/u470KeatX9bN-XUSvRBCYA
莉莉安,http://changba.com/s/ciP0l48x24XxVdypxaSoXQ
Love Of My Life,http://changba.com/s/1XIVE_vhmNAYsJPwt-WV5A
红颜劫,http://changba.com/s/tTTfdsMQVt88q1w74jCWVg
Eye Of The Needle,http://changba.com/s/dt74ivA3LwH5rkmMKW91kw
E.t.,http://changba.com/s/B3UtGQUs7msvz4gcvqGj3Q
New Rules,http://changba.com/s/Pn6ckErR78zN5ly9LSor8g
凭什么,http://changba.com/s/GIOJN9UN8vOQXYHs7hh0_g
催眠,http://changba.com/s/q58sMu1FkoHe8RG1DudppA
California Dreamin,http://changba.com/s/Fhqzdg35dS1C8BzyPLwi9Q
Beautiful,http://changba.com/s/h98m6bCLAU5N2fKrdwJo3g
All Of Me,http://changba.com/s/ZJGmZOq8YycZrq53pdcyeA
一辈子的孤单,http://changba.com/s/rgPvmQapmCFk93QmH9gi1g
找个人来爱我,http://changba.com/s/_ewzeKg59kG0uMNnHhLDQg
Angel By The Wings,http://changba.com/s/Wme-tW_dqFAM1xX0HtRufQ
Pink White,http://changba.com/s/tuFAiRI-sCngAKqRzAVlwg
若水,http://changba.com/s/IpKQIB3maYjcFdSuVxan2g
爱无反顾,http://changba.com/s/LxnW0VlGrz7lr8rwRSt1Bw
我如此爱你,http://changba.com/s/-56C67YtMXHcZrrmIS0CIw
Russian Roulette,http://changba.com/s/yY3d6v-cp9TJyXhTO9_6jg
Almost Lover,http://changba.com/s/a8hac6k8lHGr3BpeL1c3UQ
Chained To The Rhythm,http://changba.com/s/7gzG67s6kgQ02yIw8HUMKQ
天天天蓝,http://changba.com/s/CU5RCOBSbFrJmAXYkwl0cw
1+1,http://changba.com/s/G0q-rN6aFudfWSP_qQ2KRw
You Mus Love Me,http://changba.com/s/eodxXSgp2XbpmeIJaW8boQ
开往春天的地铁,http://changba.com/s/hZK7ghag4vVB3G2MJOmm4g
悬崖,http://changba.com/s/8MXWMdNurifpxdxfq4whmQ
Golden Darkness Days 曜日 2016,http://changba.com/s/JCII9_PFoY96xo0Ibfe60Q
Only Love,http://changba.com/s/Cs8JSUQB1__YQ0ADSdiiGw
Only Time,http://changba.com/s/w--FcQ29L15H1XZDqRLNfg
Stone Cold,http://changba.com/s/ygQBNAjSEP-O4BUM-fSXyQ
City Of Stars,http://changba.com/s/2X0G6rNhIICLivBmE7cshQ
Lift Me Up,http://changba.com/s/QRGnA2e0exFruzcBKyuzCQ
Blow,http://changba.com/s/W5_-pe7bGJmVues-k-RChQ
Never Be The Same,http://changba.com/s/WoPZl5PUCRmUEjnjHolWZg
Dreams,http://changba.com/s/A63MrmusPFX7FG8U4q3v6g
Terrified,http://changba.com/s/O9MIUUCMqv58iUpQgKPckw
痒,http://changba.com/s/AJ68BjBevnqbAJ5JzRFE8g
American Boy,http://changba.com/s/av-J5rpDqwsdhJLB39shIQ
奇妙能力歌,http://changba.com/s/rpzDk67hIXWiunyg3CoOkg
你是我的风景,http://changba.com/s/dKVvzWAF9W3qIaxjWZ30WQ
女人的选择,http://changba.com/s/5qHM4K1OD6cJfE-iE74Ksg
Sway,http://changba.com/s/zAvOCa4pXX6ZKFF3iqI6Wg
董小姐,http://changba.com/s/AWDHWnIkgTJuhhGe_adxtg
清平调,http://changba.com/s/2fptjhEXfpIwYQaiIqmWIQ
Dadada,http://changba.com/s/0mtkaMQeOgDmtksdFnWLSA
I See You,http://changba.com/s/esyWBcQ4QM1zxOZfDYbJwA
如果有来生,http://changba.com/s/xyhUiqyzvZf5iPewMACY3Q
童话,http://changba.com/s/muFXu65ZDXX8dwzvMceEjA
菊花台,http://changba.com/s/UHlOmdj5QQzxRTzASNOYrA
恒温,http://changba.com/s/Wh-m-KEY9eExcP9dPA8zuw
明天你好,http://changba.com/s/AAALg6QBHqcdiJF1KcR62w
Who You Are,http://changba.com/s/y4F9gAeMqnSMY1N4kPSyDA
祝你平安,http://changba.com/s/Y73BWmfavA-FMb9v1GqaNQ
我的果汁分你一半,http://changba.com/s/1MaNS8KGx8C6T5ToAIbecA
我们都是好孩子,http://changba.com/s/hjPEzBiowg4azqtQrB8pCQ
红烧鸡翅,http://changba.com/s/HGkkSDuesxSCXd2SKN6viw
狠狠爱,http://changba.com/s/thcLQn3yohvuEOaLC40xAA
不怕不怕,http://changba.com/s/R_FwVjNpBOtSODWAAym_eA
Love Me Like You Do,http://changba.com/s/4n2x7c0t6mPvgnz9elzWJA
All By Myself,http://changba.com/s/ldVUQp6ILNx6IZJQ5VufOA
Skin,http://changba.com/s/TFbhHgboCixntJYjGwGlUw
笑忘书,http://changba.com/s/iVMhs-n3WJZE1zelcMt26A
Jingle Bell Rock,http://changba.com/s/RA50Nk9XkBpVGVfxQ0AVJw
The Only Exception,http://changba.com/s/NRtFymEYx328xxy26XA4_g
快乐老家,http://changba.com/s/DLsTr_dNb0_rDpR_3QvCYw
彩云追月,http://changba.com/s/VjQRZyktXnip1Z09ZScoow
你要的爱,http://changba.com/s/vb9WUTLouyyCkR0cLt23Rw
音乐爱我,http://changba.com/s/sLaQs6IsOLsJYQqpAItFGQ
Young And Beautiful,http://changba.com/s/qzPmh3eONyGa2zkMadgHcQ
Let Me Love You,http://changba.com/s/0I3JVl8CRy6cvvTC-hvTjA
日光,http://changba.com/s/YD_7VUZTA1lWiStXE1_8Og
月光爱人,http://changba.com/s/OT8GbY8VQ1YUNm1O3c04og
星语星愿,http://changba.com/s/GisoAuSom6Whyg1JOnpYqA
追光者,http://changba.com/s/ZdOEWFA148WEYdSIsiRang
血腥爱情故事,http://changba.com/s/o9WrJAuRs_ejNyzX01zOqA
Hero,http://changba.com/s/wu-nSToFNvVkAYPv2Zj3oQ
Pray,http://changba.com/s/c_TgAkMTbRRogk3gI-y2Aw
大鱼,http://changba.com/s/1lwlMF7YHnrkbRj7YwxDvg
紫,http://changba.com/s/WGKT6JqD8ZMZlWsNBGkEaA
Too Good At Goodbyes,http://changba.com/s/7uRCx_fozlLaThAxaeSgbA
我贼啦啦的爱你,http://changba.com/s/rN5S_Msonvu1hoeGcpxi7g
可惜没如果,http://changba.com/s/kamEE7n1KofS57Y6C8ragw
江南,http://changba.com/s/aXu3cRjzFciciiShCZxJ9w
Sometimes,http://changba.com/s/pRRU1-sell7gmUnW1m5Kqg
Footprints In The Sand,http://changba.com/s/0x72kaGceUopPFMJeB1hnA
Footprints In The Sand,http://changba.com/s/T5HM8Wpga0j9dO4uHnTN9g
给我一个理由忘记,http://changba.com/s/zT72zysbaKNMPKMT7gKX3Q
她说,http://changba.com/s/3LgC6a6qqHU6Fr8Sl16w9w
旋木,http://changba.com/s/hGOA4B7JCyPuXAsshQ4s1A
Symphony,http://changba.com/s/lh52vofzkkHIe6Fug2v3uQ
关键词,http://changba.com/s/aJLNHMTCXfyEZqjR0Tgfkg
爱笑了,http://changba.com/s/JjY6OfGV7mkWOAZwMtzeag
All I Need,http://changba.com/s/lN5Fu5VCsJYqImUdWXI33g
Moonlight,http://changba.com/s/OLxjjYCLeLbcKaX5HsS_Pg
Touch It,http://changba.com/s/B9_wpPxIw7tYjZ9nHkwGsQ
Greedy,http://changba.com/s/Ya1Jrm--cdgw1USweaCnPA
Look What You Make Me Do,http://changba.com/s/iyaidd-U_KFx4UYsTf-GrA
约定,http://changba.com/s/eiSC4Nppnd5meFx34afnPw
当你老了,http://changba.com/s/eyS-mHBX_Ueh7g23a1GcIQ
明天过后,http://changba.com/s/tNtfed6JUi3JLt14sYonZg
依然在一起,http://changba.com/s/5bXmGgazPLmxekKSCtxOXg
感同身受,http://changba.com/s/8rkruUHYc_a452MpEwqNaw
光芒,http://changba.com/s/rE4PMP7Ane0leX-U3gUdjw
Hotline Bling Piano,http://changba.com/s/u03CGCcw8muy6kFx7CGCww
我们的明天,http://changba.com/s/tt_l-MJueGWXMQF88PneeQ
从前慢,http://changba.com/s/2HY8ccAq-WOWrLtW7YiESQ
忽然之间,http://changba.com/s/rWo2TWyyDJ1V9cTPjfUE8Q
Take A Bow,http://changba.com/s/BEqGE-0m4wq--5wP4zzHfg
蝴蝶,http://changba.com/s/xXZ1s2MdDQh3sVxGX8vHLQ
Spectrum,http://changba.com/s/Qq9yP183P-jvI1tVg7Ftug
What Now,http://changba.com/s/N2dYhyUKwSZfzRmVcOKwaQ
如果没了你,http://changba.com/s/P6On3JSwThGn2ONuAKF7HQ
虹之间,http://changba.com/s/AX_ewosJm4A-syeUoGJyPA
If You Want Me,http://changba.com/s/HpvRTbhtz1ku7jgRul_z3g
Let It Go,http://changba.com/s/CtoVZ_hAOSBsxp4rtp8bhw
All In,http://changba.com/s/ipywzU0kQq4eb-Oy-_SztA
美杜莎,http://changba.com/s/0hxG9aeWimMCjaODec_KZg
Applause,http://changba.com/s/zE74V8x_mzhFetan7PNBzA
Rolling In The Deep,http://changba.com/s/-JoAzH1eCVTiWoqi3G-ylQ
南海姑娘,http://changba.com/s/CkL4KI5beuSTmUfWRSofxg
玫瑰玫瑰我爱你,http://changba.com/s/rEvYYI1AirF1BDwmlJGdeA
名单里,http://changba.com/s/2y5ARuWcSXMrfMrvrrwfQg
隐形的翅膀,http://changba.com/s/tgwLs7waU0jfL86a4MLnpg
Youth,http://changba.com/s/s_iCZN3iSRA4lF6BpVy-3Q
Countdown,http://changba.com/s/WbFv1mzwiYgAHFsx3VaAfA
说时依旧,http://changba.com/s/7vkj3VCtdrUmFgIDeyuISw
阿瓦日古丽,http://changba.com/s/27Blaz9gS42eXcPN6X_ffQ
Viva La Vida,http://changba.com/s/MqhapTBpnoEJj9Hqsb_cnQ
光之翼,http://changba.com/s/p8wHAirNWbyKW2vEiWpZFw
掉了,http://changba.com/s/w8dAIZ8iyQ6gr79SEDKXOg
寻人启事,http://changba.com/s/U_h5xeOl2HET8Jx05mq6Dg
梦一场,http://changba.com/s/WS0O6OrqD4obpKD4XTGcXg
三月,http://changba.com/s/dmElIVeLl2PpIscfbnbt9Q
匆匆那年,http://changba.com/s/E4_3ImZ3uxy1FWUdZPNBWQ
第二性,http://changba.com/s/GuYuYvl3QOsN9QQlmH-ubg
Love Me Like You Do,http://changba.com/s/RLG1euMxe9qlG60Y3VfH_w
傻子,http://changba.com/s/3FoxE-FS0WQCwvzY6Z0VNw
Stay With Me,http://changba.com/s/TpflNGrmZQlnfIDLjeMduA
Unconditionally,http://changba.com/s/e3lKRRGfN3HvC3VMqxe_zg
Fighter,http://changba.com/s/liypLMj-MSDVyvQxrZ-8AA
Attention,http://changba.com/s/EqY6B0stORzg-8BSIZLxFg
Army Of Me 带和声,http://changba.com/s/NvhicwxaXkPUj0jctWzWOg
对你爱不完,http://changba.com/s/orToWjaKaTEVjzbvO8hGYg
Green Light,http://changba.com/s/yC5tiZE6WUOvQE9LJfRU3A
Crazy In Love,http://changba.com/s/k5apG-ZTZYMFLKKEwJFfHQ
流年,http://changba.com/s/IAVlJ5RZueQ8D7kOkxakFw
爱超越,http://changba.com/s/2FN113WOJz73lIjkkLDWsQ
Girlfriend,http://changba.com/s/LqZhPM9XscblCuOg0elKLg
Complicated,http://changba.com/s/cDjnfiMOcN6g5XJy462q-Q
Price Tag,http://changba.com/s/0qQYOlR3DHAIgkBnNAhTFg
纸飞机,http://changba.com/s/DtnoiNCBHJE-Gxgn-LUwhQ
你的爱,http://changba.com/s/DvGsnh4coGy79xNtkDjukw
说谎,http://changba.com/s/lmTmhCsbBoBz-CHVTpxuvA
房前屋后,http://changba.com/s/LUFo_aInPjANWVZNoVZkVg
All I Ask,http://changba.com/s/oUwxIGXBpl5H8uztTN4FWg
爱你,http://changba.com/s/abRsdpHsn89MclsRLUUrAQ
Outlaws Of Love,http://changba.com/s/8PzK8eeRDdRSfO-PhoeaJQ
爱不爱我,http://changba.com/s/PBd1LD_a0Qt4TmTRWtGqUw
艳阳天,http://changba.com/s/LKowmQEMNeHmftsBfA2_BA
我是怎么了,http://changba.com/s/lyNwD-1dxeZxxj1vTvZGBg
S.x With Me,http://changba.com/s/TyoqUDHT4_P5QZNKu76cxw
最天使,http://changba.com/s/VqAALOtP7umJyaOlKwnTHg
Love Warrior 战,http://changba.com/s/tq_wilWRmpXC03t9ZosfYg
灯塔,http://changba.com/s/dznvzA9FLHTNikU_XoW__Q
再回首,http://changba.com/s/Nr3i1pUZzAWQYELrRaOAJA
The One That Got Away,http://changba.com/s/pOjCrmjvCx9XpdV1PS0D8w
New Soul,http://changba.com/s/b_qHLO2dx6NmnFVIwqQjcw
Brand New Me,http://changba.com/s/3buy99gSDMfK9cX8pTy5Cg
An Angel,http://changba.com/s/k3QPfjVpB9ttuAPuwzMvOQ
The Best Damn Thing,http://changba.com/s/no8xfMzdod7s74FqBtvqrQ
She Wolf,http://changba.com/s/n8wXwDNO2Qhc0I1x_rGqoA
I Lived,http://changba.com/s/Ru4TGHFb_fc5kBrKdoQDAA
Part Of Me,http://changba.com/s/5U2FvqSRgq16LAneCU1mfg
Perfect Illusion,http://changba.com/s/9bMPd-Alo0MXGgYBJQQcvQ
Born This Way,http://changba.com/s/UOm-BhULhazQr0dj9dnpmQ
Poker Face,http://changba.com/s/lQV4apFb5DdbK8FbgO_u1g
I'm A Slave For You,http://changba.com/s/pNeLIAXzBUKqjY6GM84V2g
不得不爱,http://changba.com/s/M_1MNkIadP3IT3UfteL5-w
潘朵拉,http://changba.com/s/LkVS53mIeF6Tac8cJC8QkQ
I Kissed A Girl,http://changba.com/s/EXawAwqAYdXu9R3IdzdJOg
黑夜尽头,http://changba.com/s/5jdoSOF5MQPvsOqzNGfnjg
无赖,http://changba.com/s/ei4b1JbvuztIFicEPb_zGQ
Me Too,http://changba.com/s/DnlFdbIBW6PLYh_zBp8LtA
Dangerous Woman,http://changba.com/s/YLwCZLBugjvPLmIROTia8g
No,http://changba.com/s/Ov6ReYXn4xsdaoVDlr6aig
遇见,http://changba.com/s/anKrUYX4hPY1ey98_ACtOQ
往日时光,http://changba.com/s/47_Joidh4IGebTB7p6CHbQ
回来,http://changba.com/s/FI2vdXB0kyaUvCsaG0jM7g
心动,http://changba.com/s/bn9MMyEktWkcPpaujYXySQ
大艺术家,http://changba.com/s/9YtvO_E4QOWB_Ir1P5HpXA
跟随,http://changba.com/s/wYAyCU3xvCGpmPVIFXWGbg
Drunk On Love,http://changba.com/s/ydq4HVQTzItV84o5xwoqUg
花蝴蝶,http://changba.com/s/FKyBoFQAkc2nqyRaFSlBKA
Lovelovelove,http://changba.com/s/XkYmrc_iT16hq61jJfhyMA
Tilithappenstoyou,http://changba.com/s/Q2kFil5Wj0iLEYY4W2MkTw
Innocence,http://changba.com/s/N-YbJp4ayiSHcMd4XE0llw
这天,http://changba.com/s/2LCnVFfw-i60EjTXdYqsXA
搏浪鼓,http://changba.com/s/WxR7WXffdzYiYOEH25z2Vg
小冤家,http://changba.com/s/xPnBkO0k1ulJElDTmAN3-w
Pompeii,http://changba.com/s/3njE-ZqM1pzDlZXbDEwZVQ
最初的梦想,http://changba.com/s/nC4-3PCJEgMihMtLjDujdg
You Raise Me Up,http://changba.com/s/Xnm65Q8H7N8YE3D93DTdhA
无眠,http://changba.com/s/srj4nLwnInImE_LFdh9ZLg
American Oxygen,http://changba.com/s/HSuBp2W1vPbkpudZ3bFliw
当一个天使的忧愁,http://changba.com/s/2UZ6Zp_lkuWH0xu6N2vUDw
Home,http://changba.com/s/WGsXVgnLe0uoOvREWKO_4Q
Freedom,http://changba.com/s/0TZoh8Om2F9xiZc8IwNpPQ
The A Team,http://changba.com/s/tc2rv0g_pmdKBDEpAvhwZw
Somebody That I Used To Know,http://changba.com/s/Vo7gp_4NtbuiRxMV0OSAVw
Sorry,http://changba.com/s/NlQJLuJirobe7q_g2Z3pOA
Phresh Out,http://changba.com/s/hu-9Eg2fP-ns7LIrGViypw
Sweet Dreams Melody,http://changba.com/s/SpuKSvyXCrVW9wDpSyfm8A
雪候鸟,http://changba.com/s/5wBdKg6-lMv0MMc3VqnjsQ
流花,http://changba.com/s/OgQopvBgQAebSG5v0kSHtQ
夜来香,http://changba.com/s/M8O0hjhE8YlnDeZFt3wbjg
Lights,http://changba.com/s/ZVTUf_ED6LAv0QukOyqjJQ
管他什么音乐,http://changba.com/s/UZQyLyyXVRGLfIRvOfvxiw
寻找我的同类,http://changba.com/s/QvzjD2411ROenDaYBl7pxw
Hold Up,http://changba.com/s/s7ob6blOKyGwEPyOTRjeWw
融雪之前,http://changba.com/s/o5xkaX8EK1W5hrL-4B_lWw
被雨伤透,http://changba.com/s/LJRbtIgT2-BPjxGinkqqlw
像天堂的悬崖,http://changba.com/s/EiFvl6Rk-8VkwrHIqGhYYg
爱上张无忌,http://changba.com/s/V4O9_EBmpJHZqZuVBfErzA
野子,http://changba.com/s/rJn8xkLPrB2rc-7FOMUOng
后会无期,http://changba.com/s/DZimsLeSU424SEyw0uByWQ
不同凡想,http://changba.com/s/DkqoAa9xnoFtklbWFkfKSQ
不同凡想,http://changba.com/s/ibIY4vKurA9RMyOGmLa3eA
离开这个地方,http://changba.com/s/4yyXpSHT0Wi1JGIEmdNMvw
Chasing Pavements,http://changba.com/s/AYnujHRGMrZ7IRhm0VKfFg
Love Runs Out,http://changba.com/s/WempcddlTen3rjW9JniH4Q
Stitches,http://changba.com/s/Dx47QrXwwa-H032vdUN_Xg
单行的轨道,http://changba.com/s/5PLw88WMz-ab8a6_uWPNZw
火烧的寂寞,http://changba.com/s/1gGa0Ti9-4abGT38HuQ-uQ
Pour It Up,http://changba.com/s/6Qx3AUhLkB1YmdHQsuZQ-g
So What,http://changba.com/s/U7LfP6_o86q77YnLScj4wA
Writing's On The Wall,http://changba.com/s/b7bEhruDXN4lvEo1tKLyqw
盖亚,http://changba.com/s/mnkEYQdyMDDHzzb_Nj-B5w
夜太黑 Jazz Tune,http://changba.com/s/XNBMxFdjzb-oidvzn-TSeg
红眼睛,http://changba.com/s/QQoS6Jd6LBhhVf7r4OwOMg
Chandelier,http://changba.com/s/mU760NyboSEfIwuBA2yD8g
All Of Me,http://changba.com/s/uMJ3wTM5i-s9tqG-GU6jaw
Titanium,http://changba.com/s/Bpg8NGDzjHv-OITJplEwgg
Mine,http://changba.com/s/IXltykBvBFsHRUOZCoy-GA
自由鸟,http://changba.com/s/kIrE_4bap09q5fdYQNvOvQ
Paper Hearts,http://changba.com/s/JBkVnbdkr0ILlPV98oBFJg
Pillowtalk,http://changba.com/s/0TTA5S4X0rhniSmVsaXKIg
Circus,http://changba.com/s/b15D2buD3aJzxiMjlnbPpA
Formation,http://changba.com/s/HIcolu0vr_WnppvbuDgG7Q
排山倒海,http://changba.com/s/j3jCd6mzanK81n-tvjzIJw
我的爱,http://changba.com/s/rp9iL0xfMKMd29QSLlt91g
Try,http://changba.com/s/lHkFe2tErtzvq49kDBuqtA
致青春,http://changba.com/s/hTYlws1CASJbfmulXd5OQA
Mercy,http://changba.com/s/grEGTV1mdyUvG8g9FHiFaQ
Telephone,http://changba.com/s/hcvQ3MS4kjlOsFBSpNEnWg
Blank Page 男版piano,http://changba.com/s/zuay97laZklY8-CZa85F5g
Yonce,http://changba.com/s/x3q50mugSEf4mPqITXUk3A
We Remain,http://changba.com/s/2jU1bfm-3FAgMFvyb5ARog
Flawless,http://changba.com/s/JElD0WhLakmWu1BPELwH0Q
刺鸟,http://changba.com/s/k-4sHXWYvh5XbKyLaYytag
Princessofchina,http://changba.com/s/WSegwjs7Yf-blQ5hpR7pcQ
悟空,http://changba.com/s/Aq6OvMEolNFnkFVYX2TKyQ
如果的事,http://changba.com/s/DVyMBmZjQL5dd21PlE90-w
Flashlight,http://changba.com/s/bRBqaySRPCwlHiwZJVlE9Q
Listen,http://changba.com/s/_0zLHIbmvIpCxgtzEi-Fag
贝加尔湖畔,http://changba.com/s/oSQPvFHRSX_nUhuGexe3Rw
张三的歌,http://changba.com/s/M3W4gqn8Dwp5NlWnteRrXQ
滚滚红尘,http://changba.com/s/rUQHNeRJ3MsLs3JfdVNZQQ
Wear Me Out,http://changba.com/s/PdcLMYs8OMtKOLnkuOlQew
Halo,http://changba.com/s/rOQbtZXK-6NfDYeZEDHtRA
Chained To The Rhythm,http://changba.com/s/HxQMS5b43uogTJLUFFzsaw
Fight,http://changba.com/s/H0w74WBUdY9wAYKznII42Q
Fxxk It,http://changba.com/s/_4ZEKohku_nuG-A0uAzo5g
California King Bed,http://changba.com/s/MGxAMKqtPW7HCRD09XWNdQ
Sm,http://changba.com/s/Ml1KrbZwRhd7Doq2yf82uw
Love Without Tragedy,http://changba.com/s/ApR7IQl3_l0xKJxOgZu0mA
Love Story,http://changba.com/s/X9CrRD4oS3cuy6510-XUyg
Unfaithful,http://changba.com/s/T_K3sj-MP9m2eFMZJ-H82g
Beautiful,http://changba.com/s/dPxnDxLDZoSCDqTQY3BT_A
Jump,http://changba.com/s/Si7Z6qrxZC_Mq6QSCfdgEQ
Rihanna - Birthday Cake,http://changba.com/s/YR3xX96V5dUIplrXVfLrQg
Only Girl,http://changba.com/s/h29B9BFIK2dZqAw7MdOAuw
Love Drought,http://changba.com/s/soG9wCayXbNfZeDSgTztig
Sing For You,http://changba.com/s/92P5AuJaPmVlKFBkpbvnsQ
Sandcastles,http://changba.com/s/TtYkTK3zQGax7x_JuN42BA
拥抱,http://changba.com/s/NzuO1GMJ0Gr8PLOjYx_A2Q
红豆,http://changba.com/s/zPpkVpMa4gLdA89oUiHz0w
Boys Like You,http://changba.com/s/QNV2XL2lqZolGLmcvSF1rA
Sandcastles,http://changba.com/s/D_wbIQngPvpZp8knOrRO2w
克卜勒（kepler）,http://changba.com/s/pNVDI9hxkQWtbJOXtyjUbA
Love On Top,http://changba.com/s/EjU38Euhr5Qth400Gl6V4g
等风来,http://changba.com/s/5SaEoqgxDWkivvrBHedHyQ
Hurt,http://changba.com/s/ZxfRJLG-a9QlxVo3v2IA7A
不必在乎我是谁,http://changba.com/s/hAdn8nctqsCtElM5M7lQWw
柿子,http://changba.com/s/c61JCRZHjK-OgDZOiC5UYA
Purple Rain,http://changba.com/s/PjxiLbT56dIJxq2WE4WpVA
Falling,http://changba.com/s/e1qoi_26C2B94muqEOW4Gw
Alicia Keys-if I Ain’t Got You,http://changba.com/s/yJtGtJq3riqHuRRZe5D9cg
Cake By The Ocean,http://changba.com/s/bHgC9o8QUR24XTnyOSmgkw
Feeling Good,http://changba.com/s/rYdAhc270kM0eJq-QK0Z7w
Nature Boy,http://changba.com/s/LjyMV8V0LGYPY-A-Kq5BVQ
让我留在你身边,http://changba.com/s/GbC74g1nJngwD2RC60bCcA
小幸运,http://changba.com/s/NSeYscxzNG6HpzFQKSirMw
Firework,http://changba.com/s/mRs09_TA2LNNouJW8QwnMg
Sugar,http://changba.com/s/0QLH-ieuzq0d08zKCezrtQ
知足,http://changba.com/s/Xh2Gn5ccg2qHbp69Rlg03g
Elastic Heart,http://changba.com/s/_zmmlGLQANQ51pVpAWC5sQ
Hands Of Love,http://changba.com/s/jDJWW-L2W6khjplH_EyU4w
The Voice Within,http://changba.com/s/BXOBV-dE88MwDO9ljapDZA
当时的月亮,http://changba.com/s/_X0xDEYW4v0Qb_Rv_vVzBw
有人,http://changba.com/s/m-mB61SbcbyZmGbhUkU-vw
Hallelujah,http://changba.com/s/QHxy88PRChiluE-CvgjqPw
Ave Maria,http://changba.com/s/-Wqojv9FX41yoso1clrGXQ
圣诞结,http://changba.com/s/9BI_x9pyZleJcDU33GDw0A
Burnin' Up,http://changba.com/s/GDmx2AEHaurJ4bopXb0sBw
You Lost Me,http://changba.com/s/c1QPEq-P0e9WmpfFxbMagA
Everglow,http://changba.com/s/PNznFGrLGp_urzNpd5MygQ
天空,http://changba.com/s/OUe6ktR2p1N16UhRB9Mubg
Demons,http://changba.com/s/buObUh6zwZl7L6xMLbkD8A
出色,http://changba.com/s/eBE3U-mBwGvcNzucJaAq4g
裂心,http://changba.com/s/adz-LY4CVzQ54l4FvmjR5g
Joanne,http://changba.com/s/O0P3ZhV8wrWhhiC72_lsPA
Say Something,http://changba.com/s/SqLbE7z75vF0ki3bhBoVBg
Million Reasons,http://changba.com/s/K11IyWLHBKqwDIz3ao21pw
Photographs,http://changba.com/s/C16kIGxOiWyzwk7KBAa-Mw
你快乐所以我快乐,http://changba.com/s/_PEmxjodKp3xUkhSdd03Mw
Earned It,http://changba.com/s/MDmdkt45crWluZqmUE5RbQ
你就不要想起我,http://changba.com/s/f1Bop7laz0vFAmd8F-q8kQ
同类,http://changba.com/s/iqj5xuujZFJhDOymrKRiTg
冬,http://changba.com/s/JAG71Dp0uL7Q3a2W_eT00A
原谅,http://changba.com/s/2TNnbG-iSs-LCOYsNd34RQ
Creep,http://changba.com/s/1__wIOawFt59rokHyPthUg
Zombie,http://changba.com/s/-Rnil5idyLzlfgZYsYPwgw
Boys Like You,http://changba.com/s/05DnNSVrB3-SnpV8Bcibiw
Desire,http://changba.com/s/w9mKLFBfMicTj2EbuLyMmQ
Never Be Like You,http://changba.com/s/iA4ZoB81yWGgWCJ-LqrFjw
Cheap Thrills,http://changba.com/s/jByR1WiyK8hZViz2Wy90SQ
也许,http://changba.com/s/zEXOFEvzUEbFPtaK0TiA6g
Cosmic Love,http://changba.com/s/s0yUweOnRsNZuY1y_SjkoA
Blue,http://changba.com/s/w4_MTNhSUzIvZi41Bm8B2w
Prayucatchme,http://changba.com/s/0MCBN8UhT7pwlAU4LiqAvw
Bad Romance,http://changba.com/s/TH4vgTrRTh5zr7WqVmV7Yw
尚好的青春,http://changba.com/s/aizSFyvp3P-hP_H-5lJeTg
小孩,http://changba.com/s/VN0KlIUVyR7D5IyoKEhAtQ
十二月的奇迹,http://changba.com/s/wmJtIEBotNVIooV2GGrr6g
Glad You Came,http://changba.com/s/ghh0ZENDT3AofAX7C06cvA
Rise Like A Phoenix,http://changba.com/s/MnKMqh7i9-b7o8o4K0dYoA
不为谁而作的歌,http://changba.com/s/SDbQjH6Bqyh7Wjn46RG_XA
Chains,http://changba.com/s/fz4Aqz4qDoLHseGMZH3FSw
沉船,http://changba.com/s/F29HS8lZFFxnYBUZjjaDVg
早开的晚霞,http://changba.com/s/s99kB9n4kzhPLAVfr-XCRw
The Way I Am,http://changba.com/s/k3PHC6Fmm_BMywFoBSl1lA
This Is What You,http://changba.com/s/dpEvs4Mc00j0ZwIKgEt-1w
眼泪,http://changba.com/s/b6NNq7yoD7tUpma2DWYifQ
寂寞先生,http://changba.com/s/X02zo3EnruX2Bq6gaQl_qw
See You Again,http://changba.com/s/uhPkEaZq8OpA3sWnyGKMLg
See You Again,http://changba.com/s/MKhz8pqQESCYqR3m8E35UQ
一个人对话,http://changba.com/s/t-cRA5b7njY-KMwYrmKOtg
Heaven,http://changba.com/s/aCx3moYHBiq4bybM-V8f_g
心醉心碎,http://changba.com/s/hUtgQZdrgV1gA3gGbVQmtg
就现在,http://changba.com/s/Gu1JyilkzxLYh-F42gCr5w
Can't Feel My Face,http://changba.com/s/oHEokVGwY5JaDWrc-wBoJg
6 Inch,http://changba.com/s/hbkEwVEP0A_7KK-Y2owTbg
Stay,http://changba.com/s/P5oF_ZHWRDi6j38YmlozLw
迷幻,http://changba.com/s/JzpcV8PihBBOaf0qYFOQdg
Dream,http://changba.com/s/7RTj3b108tVcBfEzYbRZfA
Toxic,http://changba.com/s/KQXVOlzbYKoGMYyPPvr9XA
Dream,http://changba.com/s/1sd5Gzl6LHC_LT35a4GDTQ
Radioactive,http://changba.com/s/AwAHuPjPD1ULsQzpp0et_A
夜空中最亮的星,http://changba.com/s/WoJmdY6oV42gMN8kqBwRsg
Work,http://changba.com/s/_CrNsv5vZpZ_hN_akybF2g
High歌,http://changba.com/s/MOZXv8JCCPr4AWMLagWECw
Runnin (lose It All ),http://changba.com/s/FJVZV9JY7lFKdpTz2VaalA
丑八怪,http://changba.com/s/BUOE2xtUUOHc69N7_FCeew
看见什么吃什么,http://changba.com/s/mquQKm-4y9W26Doz4gcdmg
High歌,http://changba.com/s/T-_4A8eBSO7_-OUDub1-Nw
Mamma Knows Best,http://changba.com/s/9ZYwXtXQ0XIIC2c0I4I5Jg
终于说出口,http://changba.com/s/w0A-Hkt4JQ5RLAv1Bc9Zuw
去大理,http://changba.com/s/amO-ONPmDlgtg7s5pC9zQg
Grand Piano,http://changba.com/s/YhUhaNz8n6ODqnsapJjqnQ
真心不假,http://changba.com/s/3nS0dtEbVE0XWvXxUtd9XA
If You,http://changba.com/s/YVSu8Y5CiJ4h1F1nJf4eJg
听妈妈的话,http://changba.com/s/sEo_XMw5os8wH5CjqhCZ-A
勇气,http://changba.com/s/GtxK3rf7KIr0fk5hifq0ew
What's My Name,http://changba.com/s/UUu_bRqXF__CqFZsrD4X5g
危险世界,http://changba.com/s/fSgz-M6MSDy3-OEjVvlKsA
地心,http://changba.com/s/3tCOuWar9ykXHl31UHEJbg
词不达意,http://changba.com/s/HWbgVhi2fwqxw4UmTJW5VQ
Rude Boy,http://changba.com/s/Kd6Ta2M9QBonoZRnAXZh6A
寂寞拥挤,http://changba.com/s/CG120t7tkMb9_UkJeae9ag
陪你度过漫长岁月,http://changba.com/s/cX_7QI-JJPXKX5GgG1sjRw
Daddy Lessons带和声,http://changba.com/s/kPfBJiv33cECE6kdGoJVTw
Side To Side,http://changba.com/s/sqfXNsd7_yEHRLgYb3C9_A
早安晨之美,http://changba.com/s/WUx9-5DImVKhndW4d-BGRg
早安晨之美,http://changba.com/s/gvP5F2BEzkk6Juhp6mnDpA
我爱你,http://changba.com/s/kY9CSjyWcogOwRTA8sIOzw
我总是一个人在练习一个人,http://changba.com/s/KopmKwoltjR-2M6p4kuT_A
周末夜惊魂,http://changba.com/s/QupbWCvUJcuHIfvzW3ZEkQ
自然醒,http://changba.com/s/tW6D_NIDFgwVxwBdJEd6UA
残酷月光,http://changba.com/s/dqNuVUD2hxj8tu0PFtit4w
成全,http://changba.com/s/zklZFEAnRDbeXJfgokqCmA
Lost Stars,http://changba.com/s/5tAt_1nBfysQlSM1ED3Rag
崇拜,http://changba.com/s/wNqtK7MpeKXrlXInX-yqkA
想自由,http://changba.com/s/8dsD-uFmrZdBlvOKyUaoGw
浪费,http://changba.com/s/uugVZbQWKmf1dXzS-TREDg
Amazing Grace,http://changba.com/s/NCivOz1HC-0FmbHXPEaNaQ
Hymn For Theweekend,http://changba.com/s/X5zmXCEIT8PIimHZf1seuA
Inside My Love,http://changba.com/s/pgtC6qhCE6vujuoo3trAXQ
What Are Words,http://changba.com/s/bvTKeX28o2OAY06MziZayw
Turn Your Lights Down Low,http://changba.com/s/qCw_syV59uzgw5LjnZot0w
The Scientist,http://changba.com/s/jEoEBr8BiSD49sgvI0NEwA
Put Your Records On,http://changba.com/s/LqOXuaQfAfj4wgCwd9I7Ww
I’m Not The Only One,http://changba.com/s/xFK5dtnu-mRl7wDp4biqJg
Stay With Me,http://changba.com/s/FpYbB37KcodY-oWeYK9yOw
盛夏光年,http://changba.com/s/6IQ42QjSx7CZSy3ZYXH4Aw
Back To Black,http://changba.com/s/c4z1ccqvwiU6BQ7Li2YH2Q
想自由,http://changba.com/s/tFVmq8VpMk2hAnO_h0ntvw
Crazy,http://changba.com/s/QRtoyfvB-B_cHE-MRR4OWg
Diamonds,http://changba.com/s/RgIrNDopYO3VOaNPttkuRg
Xo,http://changba.com/s/8vt39JGxhmhhaizXTPcPdA
Take Me To Church,http://changba.com/s/yXj1IkgrzdHBCQVkUKbhnQ
我還是愛著你,http://changba.com/s/W21Ppo6CfUV_1Me-zUhvXQ
Do It Like A Dude,http://changba.com/s/ztISoXsyAmVB1T5zrIab1g
夜空多灿烂,http://changba.com/s/p3Q0UmQ1Sc5a1y7NVBsUkg
禁区,http://changba.com/s/KBJAhVsHKGMtJ7UN9oik4g
This Is What You,http://changba.com/s/iq5TdKxunIgkgGflusJ9xw
同行,http://changba.com/s/aaj224WKaVp2EnnTOtxkKw
Lay Me Down,http://changba.com/s/LB490Dyai2xAjAczQVoGgw
Love On The Brain,http://changba.com/s/jLZuPVEYL7wBY6Kh5PlDFQ
Domino 吉他版,http://changba.com/s/qwb1HV7-ffbI7MrpnKT5dw
最长的电影,http://changba.com/s/azhgdcaQe5VAnk7g41Gjdw
Love The Way You Lie,http://changba.com/s/vddbbrKlOg7hTYJU4F9A0w
Latch(acoustic),http://changba.com/s/H5MpKh4kSdgqSu6UdyZZRA
男孩别哭,http://changba.com/s/glPuTmbX50-e-Nb1HzmR9w
停格,http://changba.com/s/4SjXQAdwGnqweyadABoPhQ
Bang Bang,http://changba.com/s/R0M457blyUQo7zQkdI4R0A
伤痕,http://changba.com/s/nt_eAGd4j_O6sfrsQccXuQ
清唱1分钟,http://changba.com/s/DZb8yDMbGXk2woqG4DRSKg
十万毫升泪水,http://changba.com/s/mDFDbi6mO9jlpTkTNRnXaA
鱼,http://changba.com/s/retGqkWLVz7yRpMs9HTw5g
Tattooed Heart,http://changba.com/s/t3lZpEnWxZpnsBN4jOf6IA
Love Can Fly,http://changba.com/s/7wJ9gehSnwGInQcQLjNttw
失落沙洲,http://changba.com/s/NVZ4TJUZpDKKqUDkjItT_w
改变,http://changba.com/s/uXKMcCvABwDqpMeggG6JBg
Close To You,http://changba.com/s/FtL2gz6JblCFkm97TbszWg
夏夜晚风,http://changba.com/s/jgn9PzAAnjpfRfCGegBJOg
背对背拥抱,http://changba.com/s/7VFg7DWB2hgQA0hkba61mw
让,http://changba.com/s/eZJgGE-r4EKhJpwCkaKMvA
烟火里的尘埃,http://changba.com/s/6Z1tb-d-hx8SrmjGjnOcrw
音乐爱我,http://changba.com/s/BpDP-UCOHhgB5OFUbY2wsQ
乌兰巴托的夜,http://changba.com/s/glRrFtjmelGo2tQ364Z2ug
我们都不应该孤单,http://changba.com/s/IE8Jy8PPd4yAwnGXL2QBjw
怀珠,http://changba.com/s/ZYL7gMBRP5laKkVNmte_uA
主人,http://changba.com/s/qQWE7UeTPn1ZtFsq-PURLQ
I Care,http://changba.com/s/fCpncnO5JNwgHl1mfggreQ
恰好,http://changba.com/s/uaQBJzrEWsPrahtGFnf5Fw
光,http://changba.com/s/9P2CBCm03l4B0GdY9uIR4Q
软绵绵,http://changba.com/s/BmfDwJOpNevFS0EtanBQWw
阿楚姑娘,http://changba.com/s/QzeHNNNCpeljHSu2FUqzXA
Toxic,http://changba.com/s/n1HVF1vsVy7QPQ40y1ogkg
玫瑰堡垒,http://changba.com/s/Rx3P6Shq-ws8MDkA-hhQhA
传奇,http://changba.com/s/2ifL-HKOgCXZWkn-5dlpGw
松林的低语,http://changba.com/s/Vy17244S-aevOw1LKzYomw
爱的箴言,http://changba.com/s/Qlek0x4EFcc4AmCxZoBcTw
关联,http://changba.com/s/h62ebF2dwtUBoDNTWu6XUQ
忘记拥抱,http://changba.com/s/L8kVuVru101gdN1NwP9SHg
Lay Me Down,http://changba.com/s/RqeabuRHf8lgrvMnq9Sw4w
岁月轻狂,http://changba.com/s/aGrte4RwlEsVB0wBTtZTOA
抉择,http://changba.com/s/ioe08fBYjh8e3eOvXqHhqA
如果没有你,http://changba.com/s/5xxNLHlZeH_6o3EWBU6_0g
Haunted,http://changba.com/s/Fe89icU3Ao5fZIQ-kaWb1A
要死就一定死在你手里,http://changba.com/s/br5cnIW2i0d4Ul4UeV16Sg
I Need To Know,http://changba.com/s/XDMMj8mXoyS8CDoVP9iFxQ
江郎,http://changba.com/s/bhydrL-FwBegLJIbWY4fGQ
Rolling In The Deep-new Version,http://changba.com/s/P5q3dBCd3QgvjtVeEVDCNQ
Make You Feel My Love,http://changba.com/s/VXZm9wTuczpwFZ79G3RO9g
Lay Me Down,http://changba.com/s/lJniGAOFEFJIHH8yaiCs2Q
All Of Me,http://changba.com/s/_A7ia0aC5HdusUE0g1B7FA
故乡的云,http://changba.com/s/o1kBsqa1qbZ5L_sg6OqLHg
Chandlier,http://changba.com/s/pcCtfQm8E-vGzybWlkxfLw
冬天快乐,http://changba.com/s/F2myYAtEuW28ooUcU1-mUQ
你的爱,http://changba.com/s/eNYTkHXOpCE00BM3xqkMUw
晚风,http://changba.com/s/XEkbnL0gnKFu7m2Oh0AQsQ
唯一,http://changba.com/s/Y9nEYwa9fjnsMZ7XfS91BA
We Are Young,http://changba.com/s/u24zIUHneoLKb5i4xzYCkQ
也许明天,http://changba.com/s/mEE2ID3nuLI93MOzBrY_2w
Price Tag,http://changba.com/s/PQp8FYCfq7AcKS-p9L4Byg
我们都寂寞,http://changba.com/s/jCbDXYEi30ZcTJs1Q4WK4Q
想你的夜,http://changba.com/s/gDSsJVUvBU_STC6tctCqwQ
最美的太阳,http://changba.com/s/mfrUI_V5wEd_HEw991AYOQ
恒星流星,http://changba.com/s/iB0EL6He-g1lpTcgNOjTrA
北斗星的爱,http://changba.com/s/n4xGlQbHxnY3KZ2j9D6FBQ
寂寞寂寞就好,http://changba.com/s/CWKH3lQH9KtW1iQapfJHdA
泡沫,http://changba.com/s/WuVxCalyyUQjXsvgLFHx3Q
泡沫,http://changba.com/s/WWj69F3Zk5YoAFectrONlw
北斗星的爱,http://changba.com/s/8ydhLLQ4xDZyBYznt-8zsA
岁月轻狂,http://changba.com/s/FjMDeN_O0tYhGMMIhUhTAw
心在跳,http://changba.com/s/csRLohfWFN5dweGggFtKCA
She Is Gone,http://changba.com/s/qUF9xxboa7E2FhT0XzLjAg
叶子,http://changba.com/s/QaV_6Wq0ZlpT3tyHNY_ZDg
爱,http://changba.com/s/iSmD4P05ndgcbXHAZj6gHw
火烧的寂寞,http://changba.com/s/flX3U_UfcLKEv4UIAGmriw
天地在我心,http://changba.com/s/RZCRlKKJII7IIJhpohW8IQ
Hallelujah,http://changba.com/s/ERRUZMCEIcBqroXQfQZvUQ
我期待,http://changba.com/s/Yc7vheIJp5X_XKYBKE_DwQ
As Long As You Love Me伴奏--..,http://changba.com/s/W2SrS08GSYPNlwjp5R3u0Q
Too Close,http://changba.com/s/x7u5xkAGeDZ0DvUv-ZFFtQ
Crush,http://changba.com/s/VYW8g7c-s7T8_F0839Iqwg
好久不见,http://changba.com/s/GIT60ijBDRwH9o86bB3-8A
Mad World,http://changba.com/s/FrG0hGWy0s53Q0iU3zosxA
Whataya Want From Me,http://changba.com/s/6Bn6ePNXtjg5koyzXLGisA
眼色,http://changba.com/s/fIJ1ZCnxxMCuag2G2Wsv1g
Broken-hearted Girl,http://changba.com/s/_KqIeSqDI2-rteEEATMLMQ
The A Team,http://changba.com/s/brsy7BEFRpnGXeOl4Tl4pQ
煎熬,http://changba.com/s/Q8tG2W3YGr7j_WeUiy2MqQ
我好想你,http://changba.com/s/TqkyEtnOBBG4dgq44WvwiA
我爱你,http://changba.com/s/Wd-3i1Ys7q-czOlv_vXmOQ
月光爱人 男生版,http://changba.com/s/XNkVWLUX_lOlgSFlVgm1NQ
恒星流星,http://changba.com/s/lxnKkg0S0RVrwOn6rjxZOg
也许明天,http://changba.com/s/z1FbhFD6pZ669cvjWIcqfA
剪爱,http://changba.com/s/TIO4hN908E8Wndka1ntQpQ
空白格,http://changba.com/s/co-YKmeP2LT5THi79AR9gQ
Listen,http://changba.com/s/BCpW1QzqtJp1bFGVkMadXw
